Key,Gate,Velo,Time,Bar,Part,Pitch,Octave,Duration,Dynamic
70,250.0,42,0,1,1,B-,4,0.5,mf
79,750.0,56,250.0,2,1,G,5,1.5,mf
79,250.0,56,1000.0,2,1,G,5,0.5,mf
77,250.0,58,1250.0,2,1,F,5,0.5,mf
79,250.0,68,1500.0,2,1,G,5,0.5,mf
77,750.0,56,1750.0,2,1,F,5,1.5,mf
75,500.0,50,2500.0,2,1,E-,5,1.0,mf
70,250.0,64,3000.0,2,1,B-,4,0.5,mf
79,500.0,66,3250.0,3,1,G,5,1.0,mf
72,50,64,3750.0,3,1,C,5,1/10,mf
73,50,64,3800.0,3,1,D-,5,1/10,mf
72,50,64,3850.0,3,1,C,5,1/10,mf
71,50,64,3900.0,3,1,B,4,1/10,mf
72,50,64,3950.0,3,1,C,5,1/10,mf
84,500.0,72,4000.0,3,1,C,6,1.0,mf
79,250.0,72,4500.0,3,1,G,5,0.5,mf
82,750.0,56,4750.0,3,1,B-,5,1.5,mf
80,500.0,54,5500.0,3,1,A-,5,1.0,mf
79,250.0,54,6000.0,3,1,G,5,0.5,mf
77,750.0,66,6250.0,4,1,F,5,1.5,mf
79,500.0,62,7000.0,4,1,G,5,1.0,mf
74,250.0,68,7500.0,4,1,D,5,0.5,mf
75,750.0,60,7750.0,4,1,E-,5,1.5,mf
72,750.0,62,8500.0,4,1,C,5,1.5,mf
70,250.0,60,9250.0,5,1,B-,4,0.5,mf
86,250.0,78,9500.0,5,1,D,6,0.5,mf
84,250.0,72,9750.0,5,1,C,6,0.5,mf
82,125.0,70,10000.0,5,1,B-,5,0.25,mf
80,125.0,67,10125.0,5,1,A-,5,0.25,mf
79,125.0,64,10250.0,5,1,G,5,0.25,mf
80,125.0,64,10375.0,5,1,A-,5,0.25,mf
72,125.0,56,10500.0,5,1,C,5,0.25,mf
74,125.0,56,10625.0,5,1,D,5,0.25,mf
75,750.0,48,10750.0,5,1,E-,5,1.5,mf
70,250.0,64,11500.0,5,1,B-,4,0.5,mf
79,750.0,64,11750.0,6,1,G,5,1.5,mf
77,125.0,64,12500.0,6,1,F,5,0.25,mf
79,125.0,64,12625.0,6,1,G,5,0.25,mf
77,125.0,64,12750.0,6,1,F,5,0.25,mf
76,125.0,64,12875.0,6,1,E,5,0.25,mf
77,125.0,64,13000.0,6,1,F,5,0.25,mf
79,125.0,64,13125.0,6,1,G,5,0.25,mf
77,250.0,64,13250.0,6,1,F,5,0.5,mf
75,500.0,64,13500.0,6,1,E-,5,1.0,mf
75,125.0,64,14000.0,6,1,E-,5,0.25,mf
77,125.0,64,14125.0,6,1,F,5,0.25,mf
75,125.0,64,14250.0,6,1,E-,5,0.25,mf
74,125.0,64,14375.0,6,1,D,5,0.25,mf
75,125.0,64,14500.0,6,1,E-,5,0.25,mf
77,125.0,64,14625.0,6,1,F,5,0.25,mf
79,125.0,64,14750.0,7,1,G,5,0.25,mf
71,125.0,64,14875.0,7,1,B,4,0.25,mf
72,125.0,64,15000.0,7,1,C,5,0.25,mf
73,125.0,64,15125.0,7,1,D-,5,0.25,mf
72,125.0,64,15250.0,7,1,C,5,0.25,mf
77,125.0,64,15375.0,7,1,F,5,0.25,mf
76,125.0,64,15500.0,7,1,E,5,0.25,mf
80,125.0,64,15625.0,7,1,A-,5,0.25,mf
79,125.0,64,15750.0,7,1,G,5,0.25,mf
85,125.0,64,15875.0,7,1,D-,6,0.25,mf
84,125.0,64,16000.0,7,1,C,6,0.25,mf
79,125.0,64,16125.0,7,1,G,5,0.25,mf
82,750.0,64,16250.0,7,1,B-,5,1.5,mf
80,500.0,64,17000.0,7,1,A-,5,1.0,mf
79,250.0,64,17500.0,7,1,G,5,0.5,mf
77,750.0,64,17750.0,8,1,F,5,1.5,mf
76,0.0,64,18500.0,8,1,E,5,0.0,mf
77,0.0,64,18500.0,8,1,F,5,0.0,mf
79,250.0,64,18500.0,8,1,G,5,0.5,mf
79,250.0,64,18750.0,8,1,G,5,0.5,mf
74,250.0,64,19000.0,8,1,D,5,0.5,mf
75,750.0,64,19250.0,8,1,E-,5,1.5,mf
72,750.0,64,20000.0,8,1,C,5,1.5,mf
70,250.0,64,20750.0,9,1,B-,4,0.5,mf
86,250.0,64,21000.0,9,1,D,6,0.5,mf
84,250.0,64,21250.0,9,1,C,6,0.5,mf
82,125.0,64,21500.0,9,1,B-,5,0.25,mf
80,125.0,64,21625.0,9,1,A-,5,0.25,mf
79,125.0,64,21750.0,9,1,G,5,0.25,mf
80,125.0,64,21875.0,9,1,A-,5,0.25,mf
72,125.0,64,22000.0,9,1,C,5,0.25,mf
74,125.0,64,22125.0,9,1,D,5,0.25,mf
75,750.0,64,22250.0,9,1,E-,5,1.5,mf
74,250.0,64,23000.0,9,1,D,5,0.5,mf
75,250.0,64,23250.0,9,1,E-,5,0.5,mf
77,750.0,64,23500.0,10,1,F,5,1.5,mf
79,500.0,64,24250.0,10,1,G,5,1.0,mf
77,250.0,64,24750.0,10,1,F,5,0.5,mf
77,750.0,64,25000.0,10,1,F,5,1.5,mf
72,750.0,64,25750.0,10,1,C,5,1.5,mf
75,250.0,64,26500.0,11,1,E-,5,0.5,mf
75,250.0,64,26750.0,11,1,E-,5,0.5,mf
75,250.0,64,27000.0,11,1,E-,5,0.5,mf
75,250.0,64,27250.0,11,1,E-,5,0.5,mf
74,125.0,64,27500.0,11,1,D,5,0.25,mf
75,125.0,64,27625.0,11,1,E-,5,0.25,mf
77,187.5,64,27750.0,11,1,F,5,0.375,mf
75,62.5,64,27937.5,11,1,E-,5,0.125,mf
75,750.0,64,28000.0,11,1,E-,5,1.5,mf
70,750.0,64,28750.0,11,1,B-,4,1.5,mf
82,750.0,64,29500.0,12,1,B-,5,1.5,mf
81,500.0,64,30250.0,12,1,A,5,1.0,mf
79,250.0,64,30750.0,12,1,G,5,0.5,mf
77,750.0,64,31000.0,12,1,F,5,1.5,mf
74,750.0,64,31750.0,12,1,D,5,1.5,mf
75,750.0,64,32500.0,13,1,E-,5,1.5,mf
74,250.0,64,33250.0,13,1,D,5,0.5,mf
72,250.0,64,33500.0,13,1,C,5,0.5,mf
74,250.0,64,33750.0,13,1,D,5,0.5,mf
70,250.0,64,34000.0,13,1,B-,4,0.5,mf
71,250.0,64,34250.0,13,1,B,4,0.5,mf
71,250.0,64,34500.0,13,1,B,4,0.5,mf
72,250.0,64,34750.0,13,1,C,5,0.5,mf
72,250.0,64,35000.0,13,1,C,5,0.5,mf
74,250.0,64,35250.0,13,1,D,5,0.5,mf
67,0.0,64,35500.0,14,1,G,4,0.0,mf
70,0.0,64,35500.0,14,1,B-,4,0.0,mf
75,0.0,64,35500.0,14,1,E-,5,0.0,mf
79,250.0,64,35500.0,14,1,G,5,0.5,mf
79,250.0,64,35750.0,14,1,G,5,0.5,mf
69,125.0,64,36000.0,14,1,A,4,0.25,mf
70,125.0,64,36125.0,14,1,B-,4,0.25,mf
71,125.0,64,36250.0,14,1,C-,5,0.25,mf
70,125.0,64,36375.0,14,1,B-,4,0.25,mf
73,125.0,64,36500.0,14,1,C#,5,0.25,mf
74,125.0,64,36625.0,14,1,D,5,0.25,mf
79,187.5,64,36750.0,14,1,G,5,0.375,mf
77,62.5,64,36937.5,14,1,F,5,0.125,mf
77,500.0,64,37000.0,14,1,F,5,1.0,mf
75,250.0,64,37500.0,14,1,E-,5,0.5,mf
75,125.0,64,37750.0,14,1,E-,5,0.25,mf
77,125.0,64,37875.0,14,1,F,5,0.25,mf
75,125.0,64,38000.0,14,1,E-,5,0.25,mf
74,125.0,64,38125.0,14,1,D,5,0.25,mf
75,125.0,64,38250.0,14,1,E-,5,0.25,mf
77,125.0,64,38375.0,14,1,F,5,0.25,mf
79,125.0,64,38500.0,15,1,G,5,0.25,mf
71,125.0,64,38625.0,15,1,B,4,0.25,mf
72,125.0,64,38750.0,15,1,C,5,0.25,mf
73,125.0,64,38875.0,15,1,D-,5,0.25,mf
72,125.0,64,39000.0,15,1,C,5,0.25,mf
77,125.0,64,39125.0,15,1,F,5,0.25,mf
76,125.0,64,39250.0,15,1,E,5,0.25,mf
80,125.0,64,39375.0,15,1,A-,5,0.25,mf
79,125.0,64,39500.0,15,1,G,5,0.25,mf
85,125.0,64,39625.0,15,1,D-,6,0.25,mf
84,125.0,64,39750.0,15,1,C,6,0.25,mf
79,125.0,64,39875.0,15,1,G,5,0.25,mf
82,750.0,64,40000.0,15,1,B-,5,1.5,mf
80,500.0,64,40750.0,15,1,A-,5,1.0,mf
79,250.0,64,41250.0,15,1,G,5,0.5,mf
77,750.0,64,41500.0,16,1,F,5,1.5,mf
76,0.0,64,42250.0,16,1,E,5,0.0,mf
77,0.0,64,42250.0,16,1,F,5,0.0,mf
79,250.0,64,42250.0,16,1,G,5,0.5,mf
79,250.0,64,42500.0,16,1,G,5,0.5,mf
74,250.0,64,42750.0,16,1,D,5,0.5,mf
75,750.0,64,43000.0,16,1,E-,5,1.5,mf
72,750.0,64,43750.0,16,1,C,5,1.5,mf
70,250.0,64,44500.0,17,1,B-,4,0.5,mf
86,250.0,64,44750.0,17,1,D,6,0.5,mf
85,250.0,64,45000.0,17,1,D-,6,0.5,mf
84,62.5,64,45250.0,17,1,C,6,0.125,mf
83,62.5,64,45312.5,17,1,B,5,0.125,mf
82,62.5,64,45375.0,17,1,B-,5,0.125,mf
81,62.5,64,45437.5,17,1,A,5,0.125,mf
80,62.5,64,45500.0,17,1,A-,5,0.125,mf
77,62.5,64,45562.5,17,1,F,5,0.125,mf
74,62.5,64,45625.0,17,1,D,5,0.125,mf
71,62.5,64,45687.5,17,1,C-,5,0.125,mf
70,50,64,45750.0,17,1,B-,4,1/10,mf
74,50,64,45800.0,17,1,D,5,1/10,mf
79,50,64,45850.0,17,1,G,5,1/10,mf
77,50,64,45900.0,17,1,F,5,1/10,mf
75,50,64,45950.0,17,1,E-,5,1/10,mf
75,750.0,64,46000.0,17,1,E-,5,1.5,mf
74,250.0,64,46750.0,17,1,D,5,0.5,mf
75,250.0,64,47000.0,17,1,E-,5,0.5,mf
77,750.0,64,47250.0,18,1,F,5,1.5,mf
79,500.0,64,48000.0,18,1,G,5,1.0,mf
77,250.0,64,48500.0,18,1,F,5,0.5,mf
77,750.0,64,48750.0,18,1,F,5,1.5,mf
72,750.0,64,49500.0,18,1,C,5,1.5,mf
75,187.5,64,50250.0,19,1,E-,5,0.375,mf
75,187.5,64,50437.5,19,1,E-,5,0.375,mf
75,187.5,64,50625.0,19,1,E-,5,0.375,mf
75,187.5,64,50812.5,19,1,E-,5,0.375,mf
75,250.0,64,51000.0,19,1,E-,5,0.5,mf
74,125.0,64,51250.0,19,1,D,5,0.25,mf
75,125.0,64,51375.0,19,1,E-,5,0.25,mf
77,187.5,64,51500.0,19,1,F,5,0.375,mf
75,62.5,64,51687.5,19,1,E-,5,0.125,mf
75,750.0,64,51750.0,19,1,E-,5,1.5,mf
70,750.0,64,52500.0,19,1,B-,4,1.5,mf
82,750.0,64,53250.0,20,1,B-,5,1.5,mf
81,500.0,64,54000.0,20,1,A,5,1.0,mf
79,250.0,64,54500.0,20,1,G,5,0.5,mf
77,750.0,64,54750.0,20,1,F,5,1.5,mf
74,750.0,64,55500.0,20,1,D,5,1.5,mf
75,750.0,64,56250.0,21,1,E-,5,1.5,mf
74,250.0,64,57000.0,21,1,D,5,0.5,mf
72,250.0,64,57250.0,21,1,C,5,0.5,mf
74,250.0,64,57500.0,21,1,D,5,0.5,mf
70,250.0,64,57750.0,21,1,B-,4,0.5,mf
71,250.0,64,58000.0,21,1,B,4,0.5,mf
71,250.0,64,58250.0,21,1,B,4,0.5,mf
72,250.0,64,58500.0,21,1,C,5,0.5,mf
72,250.0,64,58750.0,21,1,C,5,0.5,mf
74,250.0,64,59000.0,21,1,D,5,0.5,mf
67,0.0,64,59250.0,22,1,G,4,0.0,mf
70,0.0,64,59250.0,22,1,B-,4,0.0,mf
75,0.0,64,59250.0,22,1,E-,5,0.0,mf
79,250.0,64,59250.0,22,1,G,5,0.5,mf
79,250.0,64,59500.0,22,1,G,5,0.5,mf
69,125.0,64,59750.0,22,1,A,4,0.25,mf
70,125.0,64,59875.0,22,1,B-,4,0.25,mf
71,125.0,64,60000.0,22,1,C-,5,0.25,mf
70,125.0,64,60125.0,22,1,B-,4,0.25,mf
73,125.0,64,60250.0,22,1,C#,5,0.25,mf
74,125.0,64,60375.0,22,1,D,5,0.25,mf
79,187.5,64,60500.0,22,1,G,5,0.375,mf
77,62.5,64,60687.5,22,1,F,5,0.125,mf
77,500.0,64,60750.0,22,1,F,5,1.0,mf
75,250.0,64,61250.0,22,1,E-,5,0.5,mf
75,125.0,64,61500.0,22,1,E-,5,0.25,mf
77,125.0,64,61625.0,22,1,F,5,0.25,mf
75,125.0,64,61750.0,22,1,E-,5,0.25,mf
74,125.0,64,61875.0,22,1,D,5,0.25,mf
75,125.0,64,62000.0,22,1,E-,5,0.25,mf
77,125.0,64,62125.0,22,1,F,5,0.25,mf
79,125.0,64,62250.0,23,1,G,5,0.25,mf
71,125.0,64,62375.0,23,1,B,4,0.25,mf
72,125.0,64,62500.0,23,1,C,5,0.25,mf
73,125.0,64,62625.0,23,1,D-,5,0.25,mf
72,125.0,64,62750.0,23,1,C,5,0.25,mf
77,125.0,64,62875.0,23,1,F,5,0.25,mf
76,125.0,64,63000.0,23,1,E,5,0.25,mf
80,125.0,64,63125.0,23,1,A-,5,0.25,mf
79,125.0,64,63250.0,23,1,G,5,0.25,mf
85,125.0,64,63375.0,23,1,D-,6,0.25,mf
84,125.0,64,63500.0,23,1,C,6,0.25,mf
79,125.0,64,63625.0,23,1,G,5,0.25,mf
82,750.0,64,63750.0,23,1,B-,5,1.5,mf
80,500.0,64,64500.0,23,1,A-,5,1.0,mf
79,250.0,64,65000.0,23,1,G,5,0.5,mf
77,750.0,64,65250.0,24,1,F,5,1.5,mf
76,0.0,64,66000.0,24,1,E,5,0.0,mf
77,0.0,64,66000.0,24,1,F,5,0.0,mf
79,250.0,64,66000.0,24,1,G,5,0.5,mf
79,250.0,64,66250.0,24,1,G,5,0.5,mf
74,250.0,64,66500.0,24,1,D,5,0.5,mf
75,750.0,64,66750.0,24,1,E-,5,1.5,mf
72,750.0,64,67500.0,24,1,C,5,1.5,mf
70,125.0,68,68250.0,25,1,B-,4,0.25,mf
86,250.0,76,68375.0,25,1,D,6,0.5,mf
85,125.0,66,68625.0,25,1,D-,6,0.25,mf
84,187.5,64,68750.0,25,1,C,6,0.375,mf
83,62.5,62,68937.5,25,1,B,5,0.125,mf
82,125.0,56,69000.0,25,1,B-,5,0.25,mf
81,125.0,58,69125.0,25,1,A,5,0.25,mf
80,50,54,69250.0,25,1,A-,5,1/10,mf
69,50,50,69300.0,25,1,A,4,1/10,mf
70,50,49,69350.0,25,1,B-,4,1/10,mf
71,50,48,69400.0,25,1,B,4,1/10,mf
72,50,47,69450.0,25,1,C,5,1/10,mf
73,50,64,69500.0,25,1,D-,5,1/10,mf
74,50,64,69550.0,25,1,D,5,1/10,mf
79,50,64,69600.0,25,1,G,5,1/10,mf
77,50,64,69650.0,25,1,F,5,1/10,mf
75,50,64,69700.0,25,1,E-,5,1/10,mf
75,1500.0,100,69750.0,25,1,E-,5,3.0,mf
75,750.0,64,71250.0,26,1,E-,5,1.5,mf
77,250.0,64,72000.0,26,1,F,5,0.5,mf
75,250.0,64,72250.0,26,1,E-,5,0.5,mf
77,250.0,64,72500.0,26,1,F,5,0.5,mf
79,1500.0,64,72750.0,26,1,G,5,3.0,mf
75,750.0,64,74250.0,27,1,E-,5,1.5,mf
75,125.0,64,75000.0,27,1,E-,5,0.25,mf
77,125.0,64,75125.0,27,1,F,5,0.25,mf
75,125.0,64,75250.0,27,1,E-,5,0.25,mf
77,125.0,64,75375.0,27,1,F,5,0.25,mf
75,125.0,64,75500.0,27,1,E-,5,0.25,mf
77,125.0,64,75625.0,27,1,F,5,0.25,mf
79,500.0,64,75750.0,27,1,G,5,1.0,mf
75,50,64,76250.0,27,1,E-,5,1/10,mf
77,50,64,76300.0,27,1,F,5,1/10,mf
75,50,64,76350.0,27,1,E-,5,1/10,mf
74,50,64,76400.0,27,1,D,5,1/10,mf
75,50,64,76450.0,27,1,E-,5,1/10,mf
87,250.0,64,76500.0,27,1,E-,6,0.5,mf
86,250.0,64,76750.0,27,1,D,6,0.5,mf
84,250.0,64,77000.0,27,1,C,6,0.5,mf
82,500.0,64,77250.0,28,1,B-,5,1.0,mf
81,250.0,64,77750.0,28,1,A,5,0.5,mf
80,250.0,64,78000.0,28,1,A-,5,0.5,mf
72,250.0,64,78250.0,28,1,C,5,0.5,mf
74,250.0,64,78500.0,28,1,D,5,0.5,mf
75,250.0,64,78750.0,28,1,E-,5,0.5,mf
77,125.0,64,79000.0,28,1,F,5,0.25,mf
75,125.0,64,79125.0,28,1,E-,5,0.25,mf
74,125.0,64,79250.0,28,1,D,5,0.25,mf
75,125.0,64,79375.0,28,1,E-,5,0.25,mf
75,0.0,64,79500.0,28,1,E-,5,0.0,mf
91,250.0,64,79500.0,28,1,G,6,0.5,mf
89,125.0,64,79750.0,28,1,F,6,0.25,mf
87,125.0,64,79875.0,28,1,E-,6,0.25,mf
86,125.0,64,80000.0,28,1,D,6,0.25,mf
84,125.0,64,80125.0,28,1,C,6,0.25,mf
83,250.0,64,80250.0,29,1,B,5,0.5,mf
82,250.0,64,80500.0,29,1,B-,5,0.5,mf
81,250.0,64,80750.0,29,1,A,5,0.5,mf
81,125.0,64,81000.0,29,1,A,5,0.25,mf
80,125.0,64,81125.0,29,1,A-,5,0.25,mf
80,125.0,64,81250.0,29,1,A-,5,0.25,mf
79,125.0,64,81375.0,29,1,G,5,0.25,mf
79,187.5,64,81500.0,29,1,G,5,0.375,mf
77,62.5,64,81687.5,29,1,F,5,0.125,mf
75,1500.0,64,81750.0,29,1,E-,5,3.0,mf
75,750.0,64,83250.0,30,1,E-,5,1.5,mf
75,250/3,64,84000.0,30,1,E-,5,1/6,mf
77,250/3,64,84083.33333333333,30,1,F,5,1/6,mf
75,250/3,64,84166.66666666666,30,1,E-,5,1/6,mf
77,250/3,64,84249.99999999999,30,1,F,5,1/6,mf
75,250/3,64,84333.33333333331,30,1,E-,5,1/6,mf
77,250/3,64,84416.66666666664,30,1,F,5,1/6,mf
75,125.0,64,84499.99999999997,30,1,E-,5,0.25,mf
77,125.0,64,84624.99999999997,30,1,F,5,0.25,mf
79,1500.0,64,84749.99999999997,30,1,G,5,3.0,mf
75,250.0,64,86249.99999999997,31,1,E-,5,0.5,mf
68,125.0,64,86499.99999999997,31,1,A-,4,0.25,mf
70,125.0,64,86624.99999999997,31,1,B-,4,0.25,mf
68,125.0,64,86749.99999999997,31,1,A-,4,0.25,mf
67,125.0,64,86874.99999999997,31,1,G,4,0.25,mf
68,125.0,64,86999.99999999997,31,1,A-,4,0.25,mf
71,125.0,64,87124.99999999997,31,1,B,4,0.25,mf
75,125.0,64,87249.99999999997,31,1,E-,5,0.25,mf
80,125.0,64,87374.99999999997,31,1,A-,5,0.25,mf
87,187.5,64,87499.99999999997,31,1,E-,6,0.375,mf
89,62.5,64,87687.49999999997,31,1,F,6,0.125,mf
91,250.0,64,87749.99999999997,31,1,G,6,0.5,mf
87,250.0,64,87999.99999999997,31,1,E-,6,0.5,mf
87,500.0,64,88249.99999999997,31,1,E-,6,1.0,mf
86,250.0,75,88749.99999999997,31,1,D,6,0.5,mf
84,250.0,74,88999.99999999997,31,1,C,6,0.5,mf
83,250.0,100,89249.99999999997,32,1,B,5,0.5,mf
82,250.0,100,89499.99999999997,32,1,B-,5,0.5,mf
81,250.0,100,89749.99999999997,32,1,A,5,0.5,mf
80,250.0,100,89999.99999999997,32,1,A-,5,0.5,mf
79,250.0,100,90249.99999999997,32,1,G,5,0.5,mf
74,250.0,100,90499.99999999997,32,1,D,5,0.5,mf
75,250.0,100,90749.99999999997,32,1,E-,5,0.5,mf
87,500.0,64,90999.99999999997,32,1,E-,6,1.0,mf
87,250.0,64,91499.99999999997,32,1,E-,6,0.5,mf
77,250.0,64,91749.99999999997,32,1,F,5,0.5,mf
84,250.0,64,91999.99999999997,32,1,C,6,0.5,mf
83,1500.0,64,92249.99999999997,33,1,B,5,3.0,mf
82,1500.0,64,93749.99999999997,33,1,B-,5,3.0,mf
83,62.5,64,95249.99999999997,34,1,B,5,0.125,mf
82,62.5,64,95312.49999999997,34,1,B-,5,0.125,mf
84,62.5,64,95374.99999999997,34,1,C,6,0.125,mf
81,62.5,64,95437.49999999997,34,1,A,5,0.125,mf
83,62.5,64,95499.99999999997,34,1,B,5,0.125,mf
82,62.5,64,95562.49999999997,34,1,B-,5,0.125,mf
84,62.5,64,95624.99999999997,34,1,C,6,0.125,mf
81,62.5,64,95687.49999999997,34,1,A,5,0.125,mf
83,62.5,64,95749.99999999997,34,1,B,5,0.125,mf
82,62.5,64,95812.49999999997,34,1,B-,5,0.125,mf
84,62.5,64,95874.99999999997,34,1,C,6,0.125,mf
81,62.5,64,95937.49999999997,34,1,A,5,0.125,mf
83,62.5,64,95999.99999999997,34,1,B,5,0.125,mf
82,62.5,64,96062.49999999997,34,1,B-,5,0.125,mf
84,62.5,64,96124.99999999997,34,1,C,6,0.125,mf
81,62.5,64,96187.49999999997,34,1,A,5,0.125,mf
83,62.5,64,96249.99999999997,34,1,B,5,0.125,mf
82,62.5,64,96312.49999999997,34,1,B-,5,0.125,mf
84,62.5,64,96374.99999999997,34,1,C,6,0.125,mf
81,62.5,64,96437.49999999997,34,1,A,5,0.125,mf
83,62.5,64,96499.99999999997,34,1,B,5,0.125,mf
82,62.5,64,96562.49999999997,34,1,B-,5,0.125,mf
84,62.5,64,96624.99999999997,34,1,C,6,0.125,mf
81,62.5,64,96687.49999999997,34,1,A,5,0.125,mf
83,62.5,64,96749.99999999997,34,1,B,5,0.125,mf
82,62.5,64,96812.49999999997,34,1,B-,5,0.125,mf
84,62.5,64,96874.99999999997,34,1,C,6,0.125,mf
81,62.5,64,96937.49999999997,34,1,A,5,0.125,mf
83,62.5,64,96999.99999999997,34,1,B,5,0.125,mf
82,62.5,64,97062.49999999997,34,1,B-,5,0.125,mf
84,62.5,64,97124.99999999997,34,1,C,6,0.125,mf
81,62.5,64,97187.49999999997,34,1,A,5,0.125,mf
83,62.5,64,97249.99999999997,34,1,B,5,0.125,mf
82,62.5,64,97312.49999999997,34,1,B-,5,0.125,mf
86,62.5,64,97374.99999999997,34,1,D,6,0.125,mf
84,62.5,64,97437.49999999997,34,1,C,6,0.125,mf
82,62.5,64,97499.99999999997,34,1,B-,5,0.125,mf
81,62.5,64,97562.49999999997,34,1,A,5,0.125,mf
80,62.5,64,97624.99999999997,34,1,A-,5,0.125,mf
79,62.5,64,97687.49999999997,34,1,G,5,0.125,mf
77,62.5,64,97749.99999999997,34,1,F,5,0.125,mf
74,62.5,64,97812.49999999997,34,1,D,5,0.125,mf
75,62.5,64,97874.99999999997,34,1,E-,5,0.125,mf
72,62.5,64,97937.49999999997,34,1,C,5,0.125,mf
70,62.5,64,97999.99999999997,34,1,B-,4,0.125,mf
68,62.5,64,98062.49999999997,34,1,A-,4,0.125,mf
72,62.5,64,98124.99999999997,34,1,C,5,0.125,mf
74,62.5,64,98187.49999999997,34,1,D,5,0.125,mf
75,1500.0,30,98249.99999999997,35,1,E-,5,3.0,mf
82,1500.0,40,99749.99999999997,35,1,B-,5,3.0,mf
87,1500.0,30,101249.99999999997,36,1,E-,6,3.0,mf
55.63,250.0,64,0,2,2,G3.E-4,,0.5,mf
58.63.67,250.0,64,250.0,2,2,B-3.E-4.G4,,0.5,mf
56.62,250.0,64,500.0,2,2,A-3.D4,,0.5,mf
59.62.68,250.0,64,750.0,2,2,B3.D4.A-4,,0.5,mf
55.63,250.0,64,1000.0,2,2,G3.E-4,,0.5,mf
58.63.67,250.0,64,1250.0,2,2,B-3.E-4.G4,,0.5,mf
55.63,250.0,64,1500.0,2,2,G3.E-4,,0.5,mf
58.63.67,250.0,64,1750.0,2,2,B-3.E-4.G4,,0.5,mf
55.64,250.0,64,2000.0,3,2,G3.E4,,0.5,mf
58.64.67,250.0,64,2250.0,3,2,B-3.E4.G4,,0.5,mf
55.64,250.0,64,2500.0,3,2,G3.E4,,0.5,mf
60.64.70,250.0,64,2750.0,3,2,C4.E4.B-4,,0.5,mf
53.61,250.0,64,3000.0,3,2,F3.D-4,,0.5,mf
58.61.64,250.0,64,3250.0,3,2,B-3.D-4.E4,,0.5,mf
53.60,250.0,64,3500.0,3,2,F3.C4,,0.5,mf
56.60.65,250.0,64,3750.0,3,2,A-3.C4.F4,,0.5,mf
53.62,250.0,64,4000.0,4,2,F3.D4,,0.5,mf
62.68,250.0,64,4250.0,4,2,D4.A-4,,0.5,mf
55.65,250.0,64,4500.0,4,2,G3.F4,,0.5,mf
62.65.67,250.0,64,4750.0,4,2,D4.F4.G4,,0.5,mf
55.63,250.0,64,5000.0,4,2,G3.E-4,,0.5,mf
60.63.67,250.0,64,5250.0,4,2,C4.E-4.G4,,0.5,mf
54.63,250.0,64,5500.0,4,2,G-3.E-4,,0.5,mf
60.63.66,250.0,64,5750.0,4,2,C4.E-4.G-4,,0.5,mf
53.63,250.0,64,6000.0,5,2,F3.E-4,,0.5,mf
58.63.68,250.0,64,6250.0,5,2,B-3.E-4.A-4,,0.5,mf
53.62,250.0,64,6500.0,5,2,F3.D4,,0.5,mf
58.68,250.0,64,6750.0,5,2,B-3.A-4,,0.5,mf
55.63,250.0,64,7000.0,5,2,G3.E-4,,0.5,mf
58.63.67,250.0,64,7250.0,5,2,B-3.E-4.G4,,0.5,mf
55.63,250.0,64,7500.0,5,2,G3.E-4,,0.5,mf
58.63.67,250.0,64,7750.0,5,2,B-3.E-4.G4,,0.5,mf
55.63,250.0,64,8000.0,6,2,G3.E-4,,0.5,mf
58.63.67,250.0,64,8250.0,6,2,B-3.E-4.G4,,0.5,mf
56.62,250.0,64,8500.0,6,2,A-3.D4,,0.5,mf
59.62.68,250.0,64,8750.0,6,2,C-4.D4.A-4,,0.5,mf
55.63,250.0,64,9000.0,6,2,G3.E-4,,0.5,mf
58.63.67,250.0,64,9250.0,6,2,B-3.E-4.G4,,0.5,mf
55.63,250.0,64,9500.0,6,2,G3.E-4,,0.5,mf
58.63.67,250.0,64,9750.0,6,2,B-3.E-4.G4,,0.5,mf
55.64,250.0,64,10000.0,7,2,G3.E4,,0.5,mf
58.64.67,250.0,64,10250.0,7,2,B-3.E4.G4,,0.5,mf
55.64,250.0,64,10500.0,7,2,G3.E4,,0.5,mf
60.64.70,250.0,64,10750.0,7,2,C4.E4.B-4,,0.5,mf
53.61,250.0,64,11000.0,7,2,F3.D-4,,0.5,mf
58.61.64,250.0,64,11250.0,7,2,B-3.D-4.E4,,0.5,mf
53.60,250.0,64,11500.0,7,2,F3.C4,,0.5,mf
56.60.65,250.0,64,11750.0,7,2,A-3.C4.F4,,0.5,mf
53.62,250.0,64,12000.0,8,2,F3.D4,,0.5,mf
58.62.68,250.0,64,12250.0,8,2,B-3.D4.A-4,,0.5,mf
55.65,250.0,64,12500.0,8,2,G3.F4,,0.5,mf
62.65.67,250.0,64,12750.0,8,2,D4.F4.G4,,0.5,mf
55.63,250.0,64,13000.0,8,2,G3.E-4,,0.5,mf
60.63.67,250.0,64,13250.0,8,2,C4.E-4.G4,,0.5,mf
54.63,250.0,64,13500.0,8,2,G-3.E-4,,0.5,mf
60.63.66,250.0,64,13750.0,8,2,C4.E-4.G-4,,0.5,mf
53.63,250.0,64,14000.0,9,2,F3.E-4,,0.5,mf
58.63.68,250.0,64,14250.0,9,2,B-3.E-4.A-4,,0.5,mf
53.62,250.0,64,14500.0,9,2,F3.D4,,0.5,mf
58.68,250.0,64,14750.0,9,2,B-3.A-4,,0.5,mf
55.63,250.0,64,15000.0,9,2,G3.E-4,,0.5,mf
58.63.67,250.0,64,15250.0,9,2,B-3.E-4.G4,,0.5,mf
55.63,250.0,64,15500.0,9,2,G3.E-4,,0.5,mf
58.63.67,250.0,64,15750.0,9,2,B-3.E-4.G4,,0.5,mf
53.62,250.0,64,16000.0,10,2,F3.D4,,0.5,mf
58.62.65,250.0,64,16250.0,10,2,B-3.D4.F4,,0.5,mf
53.62,250.0,64,16500.0,10,2,F3.D4,,0.5,mf
58.62.65,250.0,64,16750.0,10,2,B-3.D4.F4,,0.5,mf
53.60,250.0,64,17000.0,10,2,F3.C4,,0.5,mf
60.65,250.0,64,17250.0,10,2,C4.F4,,0.5,mf
53.60,250.0,64,17500.0,10,2,F3.C4,,0.5,mf
60.65,250.0,64,17750.0,10,2,C4.F4,,0.5,mf
51.60,250.0,64,18000.0,11,2,E-3.C4,,0.5,mf
56.60.63,250.0,64,18250.0,11,2,A-3.C4.E-4,,0.5,mf
51.59,250.0,64,18500.0,11,2,E-3.C-4,,0.5,mf
56.59.63,250.0,64,18750.0,11,2,A-3.C-4.E-4,,0.5,mf
55.63,250.0,64,19000.0,11,2,G3.E-4,,0.5,mf
58.63.67,250.0,64,19250.0,11,2,B-3.E-4.G4,,0.5,mf
55.63,250.0,64,19500.0,11,2,G3.E-4,,0.5,mf
58.63.67,250.0,64,19750.0,11,2,B-3.E-4.G4,,0.5,mf
52.61,250.0,64,20000.0,12,2,E3.D-4,,0.5,mf
58.61.67,250.0,64,20250.0,12,2,B-3.D-4.G4,,0.5,mf
52.60,250.0,64,20500.0,12,2,E3.C4,,0.5,mf
58.60.67,250.0,64,20750.0,12,2,B-3.C4.G4,,0.5,mf
53.63,250.0,64,21000.0,12,2,F3.E-4,,0.5,mf
60.63.69,250.0,64,21250.0,12,2,C4.E-4.A4,,0.5,mf
55.62,250.0,64,21500.0,12,2,G3.D4,,0.5,mf
58.62.70,250.0,64,21750.0,12,2,B-3.D4.B-4,,0.5,mf
67,250.0,64,22000.0,13,2,G,4,0.5,mf
55.63,250.0,64,22250.0,13,2,G3.E-4,,0.5,mf
60.63.67,250.0,64,22500.0,13,2,C4.E-4.G4,,0.5,mf
57,250.0,64,22750.0,13,2,A,3,0.5,mf
63.69,250.0,64,23000.0,13,2,E-4.A4,,0.5,mf
63.69,250.0,64,23250.0,13,2,E-4.A4,,0.5,mf
65.70,250.0,64,23500.0,13,2,F4.B-4,,0.5,mf
63.71,250.0,64,23750.0,13,2,E-4.B4,,0.5,mf
64.71,250.0,64,24000.0,13,2,E4.B4,,0.5,mf
64.70.72,250.0,64,24250.0,13,2,E4.B-4.C5,,0.5,mf
69.72,250.0,64,24500.0,13,2,A4.C5,,0.5,mf
68.74,250.0,64,24750.0,13,2,A-4.D5,,0.5,mf
55.63,250.0,64,25000.0,14,2,G3.E-4,,0.5,mf
58.63.67,250.0,64,25250.0,14,2,B-3.E-4.G4,,0.5,mf
56.62,250.0,64,25500.0,14,2,A-3.D4,,0.5,mf
58.62.68,250.0,64,25750.0,14,2,B-3.D4.A-4,,0.5,mf
55.63,250.0,64,26000.0,14,2,G3.E-4,,0.5,mf
58.63.67,250.0,64,26250.0,14,2,B-3.E-4.G4,,0.5,mf
55.63,250.0,64,26500.0,14,2,G3.E-4,,0.5,mf
58.63.67,250.0,64,26750.0,14,2,B-3.E-4.G4,,0.5,mf
55.64,250.0,64,27000.0,15,2,G3.E4,,0.5,mf
58.64.67,250.0,64,27250.0,15,2,B-3.E4.G4,,0.5,mf
55.64,250.0,64,27500.0,15,2,G3.E4,,0.5,mf
60.64.70,250.0,64,27750.0,15,2,C4.E4.B-4,,0.5,mf
53.61,250.0,64,28000.0,15,2,F3.D-4,,0.5,mf
58.61.64,250.0,64,28250.0,15,2,B-3.D-4.E4,,0.5,mf
53.60,250.0,64,28500.0,15,2,F3.C4,,0.5,mf
56.60.65,250.0,64,28750.0,15,2,A-3.C4.F4,,0.5,mf
53.62,250.0,64,29000.0,16,2,F3.D4,,0.5,mf
58.62.68,250.0,64,29250.0,16,2,B-3.D4.A-4,,0.5,mf
55.65,250.0,64,29500.0,16,2,G3.F4,,0.5,mf
62.65.67,250.0,64,29750.0,16,2,D4.F4.G4,,0.5,mf
55.63,250.0,64,30000.0,16,2,G3.E-4,,0.5,mf
60.63.67,250.0,64,30250.0,16,2,C4.E-4.G4,,0.5,mf
54.63,250.0,64,30500.0,16,2,G-3.E-4,,0.5,mf
60.63.66,250.0,64,30750.0,16,2,C4.E-4.G-4,,0.5,mf
53.63,250.0,64,31000.0,17,2,F3.E-4,,0.5,mf
58.63.68,250.0,64,31250.0,17,2,B-3.E-4.A-4,,0.5,mf
53.62,250.0,64,31500.0,17,2,F3.D4,,0.5,mf
58.68,250.0,64,31750.0,17,2,B-3.A-4,,0.5,mf
55.63,250.0,64,32000.0,17,2,G3.E-4,,0.5,mf
58.63.67,250.0,64,32250.0,17,2,B-3.E-4.G4,,0.5,mf
55.63,250.0,64,32500.0,17,2,G3.E-4,,0.5,mf
58.63.67,250.0,64,32750.0,17,2,B-3.E-4.G4,,0.5,mf
53.62,250.0,64,33000.0,18,2,F3.D4,,0.5,mf
58.62.65,250.0,64,33250.0,18,2,B-3.D4.F4,,0.5,mf
53.62,250.0,64,33500.0,18,2,F3.D4,,0.5,mf
58.62.65,250.0,64,33750.0,18,2,B-3.D4.F4,,0.5,mf
53.60,250.0,64,34000.0,18,2,F3.C4,,0.5,mf
60.65,250.0,64,34250.0,18,2,C4.F4,,0.5,mf
53.60,250.0,64,34500.0,18,2,F3.C4,,0.5,mf
60.65,250.0,64,34750.0,18,2,C4.F4,,0.5,mf
51.60,250.0,64,35000.0,19,2,E-3.C4,,0.5,mf
56.60.63,250.0,64,35250.0,19,2,A-3.C4.E-4,,0.5,mf
51.59,250.0,64,35500.0,19,2,E-3.C-4,,0.5,mf
56.59.63,250.0,64,35750.0,19,2,A-3.C-4.E-4,,0.5,mf
55.63,250.0,64,36000.0,19,2,G3.E-4,,0.5,mf
58.63.67,250.0,64,36250.0,19,2,B-3.E-4.G4,,0.5,mf
55.63,250.0,64,36500.0,19,2,G3.E-4,,0.5,mf
58.63.67,250.0,64,36750.0,19,2,B-3.E-4.G4,,0.5,mf
52.61,250.0,64,37000.0,20,2,E3.D-4,,0.5,mf
58.61.67,250.0,64,37250.0,20,2,B-3.D-4.G4,,0.5,mf
52.60,250.0,64,37500.0,20,2,E3.C4,,0.5,mf
58.60.67,250.0,64,37750.0,20,2,B-3.C4.G4,,0.5,mf
53.63,250.0,64,38000.0,20,2,F3.E-4,,0.5,mf
60.63.69,250.0,64,38250.0,20,2,C4.E-4.A4,,0.5,mf
55.62,250.0,64,38500.0,20,2,G3.D4,,0.5,mf
58.62.70,250.0,64,38750.0,20,2,B-3.D4.B-4,,0.5,mf
67,250.0,64,39000.0,21,2,G,4,0.5,mf
55.63,250.0,64,39250.0,21,2,G3.E-4,,0.5,mf
60.63.67,250.0,64,39500.0,21,2,C4.E-4.G4,,0.5,mf
57,250.0,64,39750.0,21,2,A,3,0.5,mf
63.69,250.0,64,40000.0,21,2,E-4.A4,,0.5,mf
63.69,250.0,64,40250.0,21,2,E-4.A4,,0.5,mf
65.70,250.0,64,40500.0,21,2,F4.B-4,,0.5,mf
63.71,250.0,64,40750.0,21,2,E-4.B4,,0.5,mf
64.71,250.0,64,41000.0,21,2,E4.B4,,0.5,mf
64.70.72,250.0,64,41250.0,21,2,E4.B-4.C5,,0.5,mf
69.72,250.0,64,41500.0,21,2,A4.C5,,0.5,mf
68.74,250.0,64,41750.0,21,2,A-4.D5,,0.5,mf
55.63,250.0,64,42000.0,22,2,G3.E-4,,0.5,mf
58.63.67,250.0,64,42250.0,22,2,B-3.E-4.G4,,0.5,mf
56.62,250.0,64,42500.0,22,2,A-3.D4,,0.5,mf
58.62.68,250.0,64,42750.0,22,2,B-3.D4.A-4,,0.5,mf
55.63,250.0,64,43000.0,22,2,G3.E-4,,0.5,mf
58.63.67,250.0,64,43250.0,22,2,B-3.E-4.G4,,0.5,mf
55.63,250.0,64,43500.0,22,2,G3.E-4,,0.5,mf
58.63.67,250.0,64,43750.0,22,2,B-3.E-4.G4,,0.5,mf
55.64,250.0,64,44000.0,23,2,G3.E4,,0.5,mf
58.64.67,250.0,64,44250.0,23,2,B-3.E4.G4,,0.5,mf
55.64,250.0,64,44500.0,23,2,G3.E4,,0.5,mf
60.64.70,250.0,64,44750.0,23,2,C4.E4.B-4,,0.5,mf
53.61,250.0,64,45000.0,23,2,F3.D-4,,0.5,mf
58.61.64,250.0,64,45250.0,23,2,B-3.D-4.E4,,0.5,mf
53.60,250.0,64,45500.0,23,2,F3.C4,,0.5,mf
56.60.65,250.0,64,45750.0,23,2,A-3.C4.F4,,0.5,mf
53.62,250.0,64,46000.0,24,2,F3.D4,,0.5,mf
58.62.68,250.0,64,46250.0,24,2,B-3.D4.A-4,,0.5,mf
55.65,250.0,64,46500.0,24,2,G3.F4,,0.5,mf
62.65.67,250.0,64,46750.0,24,2,D4.F4.G4,,0.5,mf
55.63,250.0,64,47000.0,24,2,G3.E-4,,0.5,mf
60.63.67,250.0,64,47250.0,24,2,C4.E-4.G4,,0.5,mf
54.63,250.0,64,47500.0,24,2,G-3.E-4,,0.5,mf
60.63.66,250.0,64,47750.0,24,2,C4.E-4.G-4,,0.5,mf
53.63,250.0,64,48000.0,25,2,F3.E-4,,0.5,mf
58.63.68,250.0,64,48250.0,25,2,B-3.E-4.A-4,,0.5,mf
53.62,250.0,64,48500.0,25,2,F3.D4,,0.5,mf
58.68,250.0,64,48750.0,25,2,B-3.A-4,,0.5,mf
55.63,250.0,64,49000.0,25,2,G3.E-4,,0.5,mf
58.63.67,250.0,64,49250.0,25,2,B-3.E-4.G4,,0.5,mf
55.63,250.0,64,49500.0,25,2,G3.E-4,,0.5,mf
58.63.67,250.0,64,49750.0,25,2,B-3.E-4.G4,,0.5,mf
56.59.63,250.0,64,50000.0,26,2,A-3.C-4.E-4,,0.5,mf
59.63.68,250.0,64,50250.0,26,2,C-4.E-4.A-4,,0.5,mf
56.59.63,250.0,64,50500.0,26,2,A-3.C-4.E-4,,0.5,mf
59.63.68,250.0,64,50750.0,26,2,C-4.E-4.A-4,,0.5,mf
55.63,250.0,64,51000.0,26,2,G3.E-4,,0.5,mf
58.63.67,250.0,64,51250.0,26,2,B-3.E-4.G4,,0.5,mf
55.63,250.0,64,51500.0,26,2,G3.E-4,,0.5,mf
58.63.67,250.0,64,51750.0,26,2,B-3.E-4.G4,,0.5,mf
56.59.63,250.0,64,52000.0,27,2,A-3.C-4.E-4,,0.5,mf
59.63.68,250.0,64,52250.0,27,2,C-4.E-4.A-4,,0.5,mf
56.59.63,250.0,64,52500.0,27,2,A-3.C-4.E-4,,0.5,mf
59.63.68,250.0,64,52750.0,27,2,C-4.E-4.A-4,,0.5,mf
55.58.63,250.0,64,53000.0,27,2,G3.B-3.E-4,,0.5,mf
58.63.67,250.0,64,53250.0,27,2,B-3.E-4.G4,,0.5,mf
55.63,250.0,64,53500.0,27,2,G3.E-4,,0.5,mf
58.63.67,250.0,64,53750.0,27,2,B-3.E-4.G4,,0.5,mf
53.62,250.0,64,54000.0,28,2,F3.D4,,0.5,mf
58.68,250.0,64,54250.0,28,2,B-3.A-4,,0.5,mf
53.62,250.0,64,54500.0,28,2,F3.D4,,0.5,mf
58.68,250.0,64,54750.0,28,2,B-3.A-4,,0.5,mf
53.62,250.0,64,55000.0,28,2,F3.D4,,0.5,mf
58.68,250.0,64,55250.0,28,2,B-3.A-4,,0.5,mf
53.63,250.0,64,55500.0,28,2,F3.E-4,,0.5,mf
60.63.65,250.0,64,55750.0,28,2,C4.E-4.F4,,0.5,mf
53.63,250.0,64,56000.0,29,2,F3.E-4,,0.5,mf
58.63.68,250.0,64,56250.0,29,2,B-3.E-4.A-4,,0.5,mf
53.62,250.0,64,56500.0,29,2,F3.D4,,0.5,mf
58.62.68,250.0,64,56750.0,29,2,B-3.D4.A-4,,0.5,mf
55.63,250.0,64,57000.0,29,2,G3.E-4,,0.5,mf
58.63.67,250.0,64,57250.0,29,2,B-3.E-4.G4,,0.5,mf
55.63,250.0,64,57500.0,29,2,G3.E-4,,0.5,mf
58.63.67,250.0,64,57750.0,29,2,B-3.E-4.G4,,0.5,mf
75,1500.0,64,58000.0,30,2,E-,5,3.0,mf
79,1500.0,64,59500.0,30,2,G,5,3.0,mf
75,1500.0,64,61000.0,31,2,E-,5,3.0,mf
79,1500.0,64,62500.0,31,2,G,5,3.0,mf
83,250.0,100,64000.0,32,2,B,5,0.5,mf
82,250.0,100,64250.0,32,2,B-,5,0.5,mf
81,250.0,100,64500.0,32,2,A,5,0.5,mf
80,250.0,100,64750.0,32,2,A-,5,0.5,mf
79,250.0,100,65000.0,32,2,G,5,0.5,mf
74,250.0,100,65250.0,32,2,D,5,0.5,mf
75,250.0,100,65500.0,32,2,E-,5,0.5,mf
75.87,500.0,64,65750.0,32,2,E-5.E-6,,1.0,mf
75.87,250.0,64,66250.0,32,2,E-5.E-6,,0.5,mf
65.77,250.0,64,66500.0,32,2,F4.F5,,0.5,mf
72.84,250.0,64,66750.0,32,2,C5.C6,,0.5,mf
83,1500.0,64,67000.0,33,2,B,5,3.0,mf
82,1500.0,64,68500.0,33,2,B-,5,3.0,mf
67.75,250.0,64,70000.0,35,2,G4.E-5,,0.5,mf
70,250.0,64,70250.0,35,2,B-,4,0.5,mf
79,250.0,64,70500.0,35,2,G,5,0.5,mf
67.75,250.0,64,70750.0,35,2,G4.E-5,,0.5,mf
70,250.0,64,71000.0,35,2,B-,4,0.5,mf
79,250.0,64,71250.0,35,2,G,5,0.5,mf
67.75,250.0,64,71500.0,35,2,G4.E-5,,0.5,mf
70,250.0,64,71750.0,35,2,B-,4,0.5,mf
79,250.0,64,72000.0,35,2,G,5,0.5,mf
67.75,250.0,64,72250.0,35,2,G4.E-5,,0.5,mf
70,250.0,64,72500.0,35,2,B-,4,0.5,mf
79,250.0,64,72750.0,35,2,G,5,0.5,mf
67.75,750.0,64,73000.0,36,2,G4.E-5,,1.5,mf
79.87,750.0,64,73750.0,36,2,G5.E-6,,1.5,mf
55.63,1500.0,64,74500.0,36,2,G3.E-4,,3.0,mf
39,500.0,64,0,2,3,E-,2,1.0,mf
51,500.0,64,500.0,2,3,E-,3,1.0,mf
39,500.0,64,1000.0,2,3,E-,2,1.0,mf
38,500.0,64,1500.0,2,3,D,2,1.0,mf
36,500.0,64,2000.0,3,3,C,2,1.0,mf
48,500.0,64,2500.0,3,3,C,3,1.0,mf
41,500.0,64,3000.0,3,3,F,2,1.0,mf
41,500.0,64,3500.0,3,3,F,2,1.0,mf
46,500.0,64,4000.0,4,3,B-,2,1.0,mf
47,500.0,64,4500.0,4,3,B,2,1.0,mf
48,500.0,64,5000.0,4,3,C,3,1.0,mf
45,500.0,64,5500.0,4,3,A,2,1.0,mf
46,500.0,64,6000.0,5,3,B-,2,1.0,mf
34,500.0,64,6500.0,5,3,B-,1,1.0,mf
39,500.0,64,7000.0,5,3,E-,2,1.0,mf
51,500.0,64,7500.0,5,3,E-,3,1.0,mf
39.51,500.0,64,8000.0,6,3,E-2.E-3,,1.0,mf
39.51,500.0,64,8500.0,6,3,E-2.E-3,,1.0,mf
39.51,500.0,64,9000.0,6,3,E-2.E-3,,1.0,mf
38.50,500.0,64,9500.0,6,3,D2.D3,,1.0,mf
36.48,500.0,64,10000.0,7,3,C2.C3,,1.0,mf
36.48,500.0,64,10500.0,7,3,C2.C3,,1.0,mf
41,500.0,64,11000.0,7,3,F,2,1.0,mf
41,500.0,64,11500.0,7,3,F,2,1.0,mf
34.46,500.0,64,12000.0,8,3,B-1.B-2,,1.0,mf
35.47,500.0,64,12500.0,8,3,B1.B2,,1.0,mf
36.48,500.0,64,13000.0,8,3,C2.C3,,1.0,mf
33.45,500.0,64,13500.0,8,3,A1.A2,,1.0,mf
34.46,500.0,64,14000.0,9,3,B-1.B-2,,1.0,mf
34.46,500.0,64,14500.0,9,3,B-1.B-2,,1.0,mf
39.51,500.0,64,15000.0,9,3,E-2.E-3,,1.0,mf
51,500.0,64,15500.0,9,3,E-,3,1.0,mf
46,750.0,64,16000.0,10,3,B-,2,1.5,mf
46,750.0,64,16750.0,10,3,B-,2,1.5,mf
45,750.0,64,17500.0,10,3,A,2,1.5,mf
45,750.0,64,18250.0,10,3,A,2,1.5,mf
44,500.0,64,19000.0,11,3,A-,2,1.0,mf
32.44,500.0,64,19500.0,11,3,A-1.A-2,,1.0,mf
39.51,500.0,64,20000.0,11,3,E-2.E-3,,1.0,mf
39.51,500.0,64,20500.0,11,3,E-2.E-3,,1.0,mf
40.52,500.0,64,21000.0,12,3,E2.E3,,1.0,mf
40.52,500.0,64,21500.0,12,3,E2.E3,,1.0,mf
41.53,500.0,64,22000.0,12,3,F2.F3,,1.0,mf
43.55,500.0,64,22500.0,12,3,G2.G3,,1.0,mf
36.48,500.0,64,23000.0,13,3,C2.C3,,1.0,mf
41.53,500.0,64,23500.0,13,3,F2.F3,,1.0,mf
58.62,250.0,64,24000.0,13,3,B-3.D4,,0.5,mf
57,250.0,64,24250.0,13,3,A,3,0.5,mf
56,250.0,64,24500.0,13,3,G#,3,0.5,mf
55,250.0,64,24750.0,13,3,G,3,0.5,mf
53.63,250.0,64,25000.0,13,3,F3.E-4,,0.5,mf
58.65,250.0,64,25250.0,13,3,B-3.F4,,0.5,mf
39.51,500.0,64,25500.0,14,3,E-2.E-3,,1.0,mf
39.51,500.0,64,26000.0,14,3,E-2.E-3,,1.0,mf
39.51,500.0,64,26500.0,14,3,E-2.E-3,,1.0,mf
38.50,500.0,64,27000.0,14,3,D2.D3,,1.0,mf
36.48,500.0,64,27500.0,15,3,C2.C3,,1.0,mf
36.48,500.0,64,28000.0,15,3,C2.C3,,1.0,mf
41,500.0,64,28500.0,15,3,F,2,1.0,mf
41,500.0,64,29000.0,15,3,F,2,1.0,mf
34.46,500.0,64,29500.0,16,3,B-1.B-2,,1.0,mf
35.47,500.0,64,30000.0,16,3,B1.B2,,1.0,mf
36.48,500.0,64,30500.0,16,3,C2.C3,,1.0,mf
33.45,500.0,64,31000.0,16,3,A1.A2,,1.0,mf
34.46,500.0,64,31500.0,17,3,B-1.B-2,,1.0,mf
34.46,500.0,64,32000.0,17,3,B-1.B-2,,1.0,mf
39.51,500.0,64,32500.0,17,3,E-2.E-3,,1.0,mf
51,500.0,64,33000.0,17,3,E-,3,1.0,mf
46,750.0,64,33500.0,18,3,B-,2,1.5,mf
46,750.0,64,34250.0,18,3,B-,2,1.5,mf
45,750.0,64,35000.0,18,3,A,2,1.5,mf
45,750.0,64,35750.0,18,3,A,2,1.5,mf
44,500.0,64,36500.0,19,3,A-,2,1.0,mf
32.44,500.0,64,37000.0,19,3,A-1.A-2,,1.0,mf
39.51,500.0,64,37500.0,19,3,E-2.E-3,,1.0,mf
39.51,500.0,64,38000.0,19,3,E-2.E-3,,1.0,mf
40.52,500.0,64,38500.0,20,3,E2.E3,,1.0,mf
40.52,500.0,64,39000.0,20,3,E2.E3,,1.0,mf
41.53,500.0,64,39500.0,20,3,F2.F3,,1.0,mf
43.55,500.0,64,40000.0,20,3,G2.G3,,1.0,mf
36.48,500.0,64,40500.0,21,3,C2.C3,,1.0,mf
41.53,500.0,64,41000.0,21,3,F2.F3,,1.0,mf
58.62,250.0,64,41500.0,21,3,B-3.D4,,0.5,mf
57,250.0,64,41750.0,21,3,A,3,0.5,mf
56,250.0,64,42000.0,21,3,G#,3,0.5,mf
55,250.0,64,42250.0,21,3,G,3,0.5,mf
53.63,250.0,64,42500.0,21,3,F3.E-4,,0.5,mf
58.65,250.0,64,42750.0,21,3,B-3.F4,,0.5,mf
39.51,500.0,64,43000.0,22,3,E-2.E-3,,1.0,mf
39.51,500.0,64,43500.0,22,3,E-2.E-3,,1.0,mf
39.51,500.0,64,44000.0,22,3,E-2.E-3,,1.0,mf
38.50,500.0,64,44500.0,22,3,D2.D3,,1.0,mf
36.48,500.0,64,45000.0,23,3,C2.C3,,1.0,mf
36.48,500.0,64,45500.0,23,3,C2.C3,,1.0,mf
41,500.0,64,46000.0,23,3,F,2,1.0,mf
41,500.0,64,46500.0,23,3,F,2,1.0,mf
34.46,500.0,64,47000.0,24,3,B-1.B-2,,1.0,mf
35.47,500.0,64,47500.0,24,3,B1.B2,,1.0,mf
36.48,500.0,64,48000.0,24,3,C2.C3,,1.0,mf
33.45,500.0,64,48500.0,24,3,A1.A2,,1.0,mf
34.46,500.0,64,49000.0,25,3,B-1.B-2,,1.0,mf
34.46,500.0,64,49500.0,25,3,B-1.B-2,,1.0,mf
39.51,500.0,64,50000.0,25,3,E-2.E-3,,1.0,mf
51,500.0,64,50500.0,25,3,E-,3,1.0,mf
39.51,500.0,64,51000.0,26,3,E-2.E-3,,1.0,mf
39.51,500.0,64,51500.0,26,3,E-2.E-3,,1.0,mf
39.51,500.0,64,52000.0,26,3,E-2.E-3,,1.0,mf
39.51,750.0,64,52500.0,26,3,E-2.E-3,,1.5,mf
39.51,500.0,64,53250.0,27,3,E-2.E-3,,1.0,mf
39.51,500.0,64,53750.0,27,3,E-2.E-3,,1.0,mf
39.51,500.0,64,54250.0,27,3,E-2.E-3,,1.0,mf
39.51,500.0,64,54750.0,27,3,E-2.E-3,,1.0,mf
39.51,500.0,64,55250.0,28,3,E-2.E-3,,1.0,mf
39.51,500.0,64,55750.0,28,3,E-2.E-3,,1.0,mf
39.51,500.0,64,56250.0,28,3,E-2.E-3,,1.0,mf
33.45,500.0,64,56750.0,28,3,A1.A2,,1.0,mf
34.46,500.0,64,57250.0,29,3,B-1.B-2,,1.0,mf
34.46,500.0,64,57750.0,29,3,B-1.B-2,,1.0,mf
39.51,500.0,64,58250.0,29,3,E-2.E-3,,1.0,mf
51,500.0,64,58750.0,29,3,E-,3,1.0,mf
32.44,250.0,64,59250.0,30,3,A-1.A-2,,0.5,mf
51.56.59,250.0,64,59500.0,30,3,E-3.A-3.C-4,,0.5,mf
56.59.63,250.0,64,59750.0,30,3,A-3.C-4.E-4,,0.5,mf
59.63.68,250.0,64,60000.0,30,3,C-4.E-4.A-4,,0.5,mf
56.59.63,250.0,64,60250.0,30,3,A-3.C-4.E-4,,0.5,mf
51.56.59,250.0,64,60500.0,30,3,E-3.A-3.C-4,,0.5,mf
39.51,250.0,64,60750.0,30,3,E-2.E-3,,0.5,mf
55.63,250.0,64,61000.0,30,3,G3.E-4,,0.5,mf
58.63.67,250.0,64,61250.0,30,3,B-3.E-4.G4,,0.5,mf
51,250.0,64,61500.0,30,3,E-,3,0.5,mf
55.63,250.0,64,61750.0,30,3,G3.E-4,,0.5,mf
58.63.67,250.0,64,62000.0,30,3,B-3.E-4.G4,,0.5,mf
32.44,250.0,64,62250.0,31,3,A-1.A-2,,0.5,mf
51.56,250.0,64,62500.0,31,3,E-3.A-3,,0.5,mf
56.59.63,250.0,64,62750.0,31,3,A-3.C-4.E-4,,0.5,mf
59.63.68,250.0,64,63000.0,31,3,C-4.E-4.A-4,,0.5,mf
56.59.63,250.0,64,63250.0,31,3,A-3.C-4.E-4,,0.5,mf
51.56.59,250.0,64,63500.0,31,3,E-3.A-3.C-4,,0.5,mf
39.55,250.0,64,63750.0,31,3,E-2.G3,,0.5,mf
55.63,250.0,64,64000.0,31,3,G3.E-4,,0.5,mf
58.63.67,250.0,64,64250.0,31,3,B-3.E-4.G4,,0.5,mf
45.57,250.0,64,64500.0,31,3,A2.A3,,0.5,mf
55.63,250.0,64,64750.0,31,3,G3.E-4,,0.5,mf
55.63,250.0,64,65000.0,31,3,G3.E-4,,0.5,mf
34.46,250.0,64,65250.0,32,3,B-1.B-2,,0.5,mf
53.58.63,250.0,64,65500.0,32,3,F3.B-3.E-4,,0.5,mf
58.63.68,250.0,64,65750.0,32,3,B-3.E-4.A-4,,0.5,mf
35.47,250.0,64,66000.0,32,3,B1.B2,,0.5,mf
55.65,250.0,64,66250.0,32,3,G3.F4,,0.5,mf
62.65.67,250.0,64,66500.0,32,3,D4.F4.G4,,0.5,mf
36.48,250.0,64,66750.0,32,3,C2.C3,,0.5,mf
55.63,250.0,64,67000.0,32,3,G3.E-4,,0.5,mf
60.67,250.0,64,67250.0,32,3,C4.G4,,0.5,mf
33.45,250.0,64,67500.0,32,3,A1.A2,,0.5,mf
53.60.63,250.0,64,67750.0,32,3,F3.C4.E-4,,0.5,mf
60.63.65,250.0,64,68000.0,32,3,C4.E-4.F4,,0.5,mf
34,187.5,64,68250.0,33,3,B-,1,0.375,mf
46,187.5,64,68437.5,33,3,B-,2,0.375,mf
53,187.5,64,68625.0,33,3,F,3,0.375,mf
56,187.5,64,68812.5,33,3,A-,3,0.375,mf
62,187.5,64,69000.0,33,3,D,4,0.375,mf
58,187.5,64,69187.5,33,3,B-,3,0.375,mf
65,187.5,64,69375.0,33,3,F,4,0.375,mf
68,187.5,64,69562.5,33,3,A-,4,0.375,mf
74,1500.0,64,69750.0,33,3,D,5,3.0,mf
39,250.0,64,71250.0,35,3,E-,2,0.5,mf
58,250.0,64,71500.0,35,3,B-,3,0.5,mf
46,250.0,64,71750.0,35,3,B-,2,0.5,mf
51,250.0,64,72000.0,35,3,E-,3,0.5,mf
58,250.0,64,72250.0,35,3,B-,3,0.5,mf
46,250.0,64,72500.0,35,3,B-,2,0.5,mf
39,250.0,64,72750.0,35,3,E-,2,0.5,mf
58,250.0,64,73000.0,35,3,B-,3,0.5,mf
46,250.0,64,73250.0,35,3,B-,2,0.5,mf
51,250.0,64,73500.0,35,3,E-,3,0.5,mf
58,250.0,64,73750.0,35,3,B-,3,0.5,mf
46.58,250.0,64,74000.0,35,3,B-2.B-3,,0.5,mf
51.58,750.0,64,74250.0,36,3,E-3.B-3,,1.5,mf
63.70,750.0,64,75000.0,36,3,E-4.B-4,,1.5,mf
39.46,1500.0,64,75750.0,36,3,E-2.B-2,,3.0,mf
